Date,Action,Ticker,Shares,Price,Value,Return,Reason
2025-01-03 00:00:00-05:00,BUY,TEL,101,140.687255859375,14209.412841796875,0.0,NEW_POSITION
2025-01-03 00:00:00-05:00,BUY,HCA,48,294.4912414550781,14135.57958984375,0.0,NEW_POSITION
2025-01-03 00:00:00-05:00,BUY,GLW,306,46.61408615112305,14263.910362243652,0.0,NEW_POSITION
2025-01-03 00:00:00-05:00,BUY,FOX,308,46.24624252319336,14243.842697143555,0.0,NEW_POSITION
2025-01-03 00:00:00-05:00,BUY,STX,162,87.68240356445312,14204.549377441406,0.0,NEW_POSITION
2025-01-03 00:00:00-05:00,BUY,FOXA,292,48.8580207824707,14266.542068481445,0.0,NEW_POSITION
2025-01-03 00:00:00-05:00,BUY,WRB,253,56.42206573486328,14274.78263092041,0.0,NEW_POSITION
2025-01-10 00:00:00-05:00,SELL,TEL,101,139.21519470214844,14060.734664916992,-0.01046335823550338,REBALANCE
2025-01-10 00:00:00-05:00,SELL,HCA,48,300.5656433105469,14427.15087890625,0.020626765758652767,REBALANCE
2025-01-10 00:00:00-05:00,SELL,GLW,306,46.24117660522461,14149.80004119873,-0.007999932567367368,REBALANCE
2025-01-10 00:00:00-05:00,SELL,FOX,308,45.394962310791016,13981.648391723633,-0.018407554126703606,REBALANCE
2025-01-10 00:00:00-05:00,SELL,STX,162,87.40701293945312,14159.936096191406,-0.003140774132606519,REBALANCE
2025-01-10 00:00:00-05:00,SELL,WRB,253,55.224082946777344,13971.692985534668,-0.021232522639554868,REBALANCE
2025-01-10 00:00:00-05:00,BUY,GOOGL,74,191.29080200195312,14155.519348144531,0.0,NEW_POSITION
2025-01-10 00:00:00-05:00,BUY,UHS,77,182.17852783203125,14027.746643066406,0.0,NEW_POSITION
2025-01-10 00:00:00-05:00,BUY,GOOG,73,192.42088317871094,14046.724472045898,0.0,NEW_POSITION
2025-01-10 00:00:00-05:00,BUY,JNJ,102,137.84059143066406,14059.740325927734,0.0,NEW_POSITION
2025-01-10 00:00:00-05:00,BUY,CVS,307,46.0411262512207,14134.625759124756,0.0,NEW_POSITION
2025-01-10 00:00:00-05:00,BUY,HII,76,185.67221069335938,14111.088012695312,0.0,NEW_POSITION
2025-01-17 00:00:00-05:00,SELL,FOXA,292,47.55038833618164,13884.713394165039,-0.026763925868200852,REBALANCE
2025-01-17 00:00:00-05:00,SELL,GOOGL,74,195.23536682128906,14447.41714477539,0.020620776211161804,REBALANCE
2025-01-17 00:00:00-05:00,SELL,UHS,77,184.04083251953125,14171.144104003906,0.010222415943645381,REBALANCE
2025-01-17 00:00:00-05:00,SELL,GOOG,73,196.78392028808594,14365.226181030273,0.02267444695866419,REBALANCE
2025-01-17 00:00:00-05:00,SELL,CVS,307,50.462066650390625,15491.854461669922,0.09602155201519876,REBALANCE
2025-01-17 00:00:00-05:00,BUY,CB,54,267.72943115234375,14457.389282226562,0.0,NEW_POSITION
2025-01-17 00:00:00-05:00,BUY,IVZ,889,16.47108268737793,14642.79250907898,0.0,NEW_POSITION
2025-01-17 00:00:00-05:00,BUY,TRV,62,235.67654418945312,14611.945739746094,0.0,NEW_POSITION
2025-01-17 00:00:00-05:00,BUY,COR,61,240.19650268554688,14651.98666381836,0.0,NEW_POSITION
2025-01-24 00:00:00-05:00,SELL,JNJ,102,142.45921325683594,14530.839752197266,0.033506979172351514,REBALANCE
2025-01-24 00:00:00-05:00,SELL,HII,76,198.08163452148438,15054.204223632812,0.06683511647641963,REBALANCE
2025-01-24 00:00:00-05:00,SELL,CB,54,264.96746826171875,14308.243286132812,-0.010316246812078662,REBALANCE
2025-01-24 00:00:00-05:00,SELL,IVZ,889,16.882858276367188,15008.86100769043,0.024999910255129036,REBALANCE
2025-01-24 00:00:00-05:00,SELL,TRV,62,237.97898864746094,14754.697296142578,0.009769510436121077,REBALANCE
2025-01-24 00:00:00-05:00,SELL,COR,61,246.57725524902344,15041.21257019043,0.02656471885367091,REBALANCE
2025-01-24 00:00:00-05:00,BUY,HIG,134,109.63863372802734,14691.576919555664,0.0,NEW_POSITION
2025-01-24 00:00:00-05:00,BUY,IBM,67,219.13803100585938,14682.248077392578,0.0,NEW_POSITION
2025-01-24 00:00:00-05:00,BUY,CVS,278,52.97776412963867,14727.81842803955,0.0,NEW_POSITION
2025-01-24 00:00:00-05:00,BUY,AFL,143,102.65497589111328,14679.6615524292,0.0,NEW_POSITION
2025-01-24 00:00:00-05:00,BUY,BK,175,83.93121337890625,14687.962341308594,0.0,NEW_POSITION
2025-01-24 00:00:00-05:00,BUY,HWM,116,126.69316101074219,14696.406677246094,0.0,NEW_POSITION
2025-01-24 00:00:00-05:00,BUY,CSCO,241,61.078948974609375,14720.02670288086,0.0,NEW_POSITION
2025-01-31 00:00:00-05:00,SELL,HIG,134,109.69763946533203,14699.483688354492,0.0005381838070972207,REBALANCE
2025-01-31 00:00:00-05:00,SELL,AFL,143,105.07188415527344,15025.279434204102,0.023543995244066734,REBALANCE
2025-01-31 00:00:00-05:00,SELL,BK,175,84.53128051757812,14792.974090576172,0.0071495110640529,REBALANCE
2025-01-31 00:00:00-05:00,SELL,HWM,116,126.2443618774414,14644.345977783203,-0.003542410101068739,REBALANCE
2025-01-31 00:00:00-05:00,SELL,CSCO,241,59.47909927368164,14334.462924957275,-0.026193143919237948,REBALANCE
2025-01-31 00:00:00-05:00,BUY,LRCX,188,80.31448364257812,15099.122924804688,0.0,NEW_POSITION
2025-01-31 00:00:00-05:00,BUY,MU,166,90.97869110107422,15102.46272277832,0.0,NEW_POSITION
2025-01-31 00:00:00-05:00,BUY,ALL,80,188.62753295898438,15090.20263671875,0.0,NEW_POSITION
2025-01-31 00:00:00-05:00,BUY,WELL,112,134.1269989013672,15022.223876953125,0.0,NEW_POSITION
2025-02-03 00:00:00-05:00,SELL,IBM,67,254.16305541992188,17028.924713134766,0.1598308803510514,TAKE_PROFIT
2025-02-07 00:00:00-05:00,SELL,CVS,278,52.453330993652344,14582.026016235352,-0.009899117952638009,REBALANCE
2025-02-07 00:00:00-05:00,SELL,LRCX,188,81.5828628540039,15337.578216552734,0.015792658483249705,REBALANCE
2025-02-07 00:00:00-05:00,SELL,MU,166,92.03565979003906,15277.919525146484,0.011617760996259966,REBALANCE
2025-02-07 00:00:00-05:00,SELL,ALL,80,186.57777404785156,14926.221923828125,-0.01086670052339876,REBALANCE
2025-02-07 00:00:00-05:00,BUY,L,175,86.53692626953125,15143.962097167969,0.0,NEW_POSITION
2025-02-07 00:00:00-05:00,BUY,HII,92,164.6348419189453,15146.405456542969,0.0,NEW_POSITION
2025-02-07 00:00:00-05:00,BUY,IBM,61,245.98435974121094,15005.045944213867,0.0,NEW_POSITION
2025-02-07 00:00:00-05:00,BUY,CB,56,268.4049987792969,15030.679931640625,0.0,NEW_POSITION
2025-02-07 00:00:00-05:00,BUY,EXE,152,99.85236358642578,15177.559265136719,0.0,NEW_POSITION
2025-02-07 00:00:00-05:00,BUY,TEL,104,145.11338806152344,15091.792358398438,0.0,NEW_POSITION
2025-02-14 00:00:00-05:00,SELL,WELL,112,147.38441467285156,16507.054443359375,0.09884226054467576,REBALANCE
2025-02-14 00:00:00-05:00,SELL,HII,92,157.58001708984375,14497.361572265625,-0.04285134754510145,REBALANCE
2025-02-14 00:00:00-05:00,SELL,IBM,61,256.3960876464844,15640.161346435547,0.04232678824063102,REBALANCE
2025-02-14 00:00:00-05:00,SELL,CB,56,262.8016357421875,14716.8916015625,-0.020876522652683114,REBALANCE
2025-02-14 00:00:00-05:00,SELL,EXE,152,102.11116790771484,15520.897521972656,0.022621440696633955,REBALANCE
2025-02-14 00:00:00-05:00,SELL,TEL,104,150.9325408935547,15696.984252929688,0.04010073026180131,REBALANCE
2025-02-14 00:00:00-05:00,BUY,CBOE,76,201.15792846679688,15288.002563476562,0.0,NEW_POSITION
2025-02-14 00:00:00-05:00,BUY,JNJ,101,151.51211547851562,15302.723663330078,0.0,NEW_POSITION
2025-02-14 00:00:00-05:00,BUY,BK,177,86.41019439697266,15294.60440826416,0.0,NEW_POSITION
2025-02-14 00:00:00-05:00,BUY,CINF,114,133.88308715820312,15262.671936035156,0.0,NEW_POSITION
2025-02-14 00:00:00-05:00,BUY,RTX,127,120.1695785522461,15261.536476135254,0.0,NEW_POSITION
2025-02-14 00:00:00-05:00,BUY,COR,63,241.31483459472656,15202.834579467773,0.0,NEW_POSITION
2025-02-21 00:00:00-05:00,SELL,L,175,82.5376968383789,14444.096946716309,-0.04621413775081622,REBALANCE
2025-02-21 00:00:00-05:00,SELL,CBOE,76,209.70809936523438,15937.815551757812,0.042504767093228396,REBALANCE
2025-02-21 00:00:00-05:00,SELL,BK,177,85.82979583740234,15191.873863220215,-0.00671678340293893,REBALANCE
2025-02-21 00:00:00-05:00,SELL,RTX,127,121.64602661132812,15449.045379638672,0.012286371283561724,REBALANCE
2025-02-21 00:00:00-05:00,SELL,COR,63,240.12132263183594,15127.643325805664,-0.004945870670964157,REBALANCE
2025-02-21 00:00:00-05:00,BUY,HCA,49,314.0644226074219,15389.156707763672,0.0,NEW_POSITION
2025-02-21 00:00:00-05:00,BUY,BIIB,110,140.63999938964844,15470.399932861328,0.0,NEW_POSITION
2025-02-21 00:00:00-05:00,BUY,T,600,25.802047729492188,15481.228637695312,0.0,NEW_POSITION
2025-02-21 00:00:00-05:00,BUY,GOOG,85,180.87582397460938,15374.445037841797,0.0,NEW_POSITION
2025-02-21 00:00:00-05:00,BUY,CAH,123,125.79740142822266,15473.080375671387,0.0,NEW_POSITION
2025-02-28 00:00:00-05:00,SELL,JNJ,101,161.4003448486328,16301.434829711914,0.06526362158489785,REBALANCE
2025-02-28 00:00:00-05:00,SELL,CINF,114,144.4788055419922,16470.58383178711,0.07914157500169247,REBALANCE
2025-02-28 00:00:00-05:00,SELL,HCA,49,304.0197448730469,14896.967498779297,-0.031982857692005345,REBALANCE
2025-02-28 00:00:00-05:00,SELL,BIIB,110,140.5,15455.0,-0.0009954450387941478,REBALANCE
2025-02-28 00:00:00-05:00,SELL,T,600,26.567771911621094,15940.663146972656,0.02967687643076756,REBALANCE
2025-02-28 00:00:00-05:00,SELL,GOOG,85,171.55213928222656,14581.931838989258,-0.051547434518897525,REBALANCE
2025-02-28 00:00:00-05:00,SELL,CAH,123,128.19332885742188,15767.77944946289,0.0190459214737141,REBALANCE
2025-02-28 00:00:00-05:00,BUY,FOXA,274,57.06045913696289,15634.565803527832,0.0,NEW_POSITION
2025-02-28 00:00:00-05:00,BUY,TEL,102,152.81500244140625,15587.130249023438,0.0,NEW_POSITION
2025-02-28 00:00:00-05:00,BUY,WDC,320,48.74302291870117,15597.767333984375,0.0,NEW_POSITION
2025-02-28 00:00:00-05:00,BUY,WELL,103,151.53738403320312,15608.350555419922,0.0,NEW_POSITION
2025-02-28 00:00:00-05:00,BUY,L,180,86.50131225585938,15570.236206054688,0.0,NEW_POSITION
2025-02-28 00:00:00-05:00,BUY,COR,62,252.1656951904297,15634.27310180664,0.0,NEW_POSITION
2025-02-28 00:00:00-05:00,BUY,BRK-B,30,513.8300170898438,15414.900512695312,0.0,NEW_POSITION
2025-03-04 00:00:00-05:00,SELL,WDC,320,44.45945358276367,14227.025146484375,-0.08788066638956914,STOP_LOSS
2025-03-07 00:00:00-05:00,SELL,FOXA,274,55.4146728515625,15183.620361328125,-0.0288428503782276,REBALANCE
2025-03-07 00:00:00-05:00,SELL,L,180,85.17389678955078,15331.30142211914,-0.015345610739202145,REBALANCE
2025-03-07 00:00:00-05:00,SELL,COR,62,253.20005798339844,15698.403594970703,0.00410191716279101,REBALANCE
2025-03-07 00:00:00-05:00,SELL,BRK-B,30,495.6199951171875,14868.599853515625,-0.035439778461740214,REBALANCE
2025-03-07 00:00:00-05:00,BUY,EXE,162,93.0953598022461,15081.448287963867,0.0,NEW_POSITION
2025-03-07 00:00:00-05:00,BUY,BIIB,100,150.3800048828125,15038.00048828125,0.0,NEW_POSITION
2025-03-07 00:00:00-05:00,BUY,LRCX,192,78.5292739868164,15077.62060546875,0.0,NEW_POSITION
2025-03-07 00:00:00-05:00,BUY,WRB,248,61.00891876220703,15130.211853027344,0.0,NEW_POSITION
2025-03-07 00:00:00-05:00,BUY,STX,174,86.55133056640625,15059.931518554688,0.0,NEW_POSITION
2025-03-13 00:00:00-04:00,SELL,TEL,102,140.10606384277344,14290.81851196289,-0.08316551644532279,STOP_LOSS
2025-03-14 00:00:00-04:00,SELL,EXE,162,100.04512786865234,16207.31071472168,0.07465214250386919,REBALANCE
2025-03-14 00:00:00-04:00,SELL,LRCX,192,78.21121978759766,15016.55419921875,-0.004050135485426051,REBALANCE
2025-03-14 00:00:00-04:00,SELL,WRB,248,61.66230392456055,15292.251373291016,0.010709666317808368,REBALANCE
2025-03-14 00:00:00-04:00,SELL,STX,174,86.4529800415039,15042.81852722168,-0.001136325972792349,REBALANCE
2025-03-14 00:00:00-04:00,BUY,LHX,72,208.22817993164062,14992.428955078125,0.0,NEW_POSITION
2025-03-14 00:00:00-04:00,BUY,CB,51,292.9743347167969,14941.69107055664,0.0,NEW_POSITION
2025-03-14 00:00:00-04:00,BUY,BK,186,80.41932678222656,14957.99478149414,0.0,NEW_POSITION
2025-03-14 00:00:00-04:00,BUY,L,174,86.25180053710938,15007.813293457031,0.0,NEW_POSITION
2025-03-14 00:00:00-04:00,BUY,JNJ,94,159.2388153076172,14968.448638916016,0.0,NEW_POSITION
2025-03-21 00:00:00-04:00,SELL,WELL,103,144.63722229003906,14897.633895874023,-0.045534386034090296,REBALANCE
2025-03-21 00:00:00-04:00,SELL,BIIB,100,140.89999389648438,14089.999389648438,-0.06304036892215603,REBALANCE
2025-03-21 00:00:00-04:00,SELL,CB,51,290.45281982421875,14813.093811035156,-0.008606606769891782,REBALANCE
2025-03-21 00:00:00-04:00,SELL,BK,186,82.19002532958984,15287.344711303711,0.022018320946136326,REBALANCE
2025-03-21 00:00:00-04:00,SELL,L,174,87.08018493652344,15151.952178955078,0.00960425630833822,REBALANCE
2025-03-21 00:00:00-04:00,SELL,JNJ,94,160.0408477783203,15043.83969116211,0.005036664390863248,REBALANCE
2025-03-21 00:00:00-04:00,BUY,CVS,231,65.11750030517578,15042.142570495605,0.0,NEW_POSITION
2025-03-21 00:00:00-04:00,BUY,MDT,170,88.21185302734375,14996.015014648438,0.0,NEW_POSITION
2025-03-21 00:00:00-04:00,BUY,MNST,262,57.310001373291016,15015.220359802246,0.0,NEW_POSITION
2025-03-21 00:00:00-04:00,BUY,TEL,103,145.0170135498047,14936.752395629883,0.0,NEW_POSITION
2025-03-21 00:00:00-04:00,BUY,CINF,105,142.33816528320312,14945.507354736328,0.0,NEW_POSITION
2025-03-21 00:00:00-04:00,BUY,ALL,74,203.50917053222656,15059.678619384766,0.0,NEW_POSITION
2025-03-28 00:00:00-04:00,SELL,LHX,72,204.96258544921875,14757.30615234375,-0.015682769178955218,REBALANCE
2025-03-28 00:00:00-04:00,SELL,CVS,231,65.20489501953125,15062.330749511719,0.0013421079425022446,REBALANCE
2025-03-28 00:00:00-04:00,SELL,MDT,170,86.25371551513672,14663.131637573242,-0.02219812241785751,REBALANCE
2025-03-28 00:00:00-04:00,SELL,MNST,262,57.86000061035156,15159.32015991211,0.009596915440258055,REBALANCE
2025-03-28 00:00:00-04:00,SELL,ALL,74,203.4894561767578,15058.219757080078,-9.687207420280918e-05,REBALANCE
2025-03-28 00:00:00-04:00,BUY,BRK-B,28,526.3099975585938,14736.679931640625,0.0,NEW_POSITION
2025-03-28 00:00:00-04:00,BUY,RTX,115,129.963623046875,14945.816650390625,0.0,NEW_POSITION
2025-03-28 00:00:00-04:00,BUY,GLW,331,45.263328552246094,14982.161750793457,0.0,NEW_POSITION
2025-03-28 00:00:00-04:00,BUY,DGX,90,165.02890014648438,14852.601013183594,0.0,NEW_POSITION
2025-03-28 00:00:00-04:00,BUY,CME,57,258.59014892578125,14739.638488769531,0.0,NEW_POSITION
2025-04-03 00:00:00-04:00,SELL,TEL,103,128.9547119140625,13282.335327148438,-0.11076149785849607,STOP_LOSS
2025-04-04 00:00:00-04:00,SELL,CINF,105,129.4957733154297,13597.056198120117,-0.09022451527474429,STOP_LOSS
2025-04-04 00:00:00-04:00,SELL,RTX,115,115.88389587402344,13326.648025512695,-0.10833590848550996,STOP_LOSS
2025-04-04 00:00:00-04:00,SELL,GLW,331,38.56166458129883,12763.910976409912,-0.14805945972823756,STOP_LOSS
2025-04-04 00:00:00-04:00,SELL,DGX,90,161.92218017578125,14572.996215820312,-0.018825308585014574,REBALANCE
2025-04-04 00:00:00-04:00,SELL,CME,57,250.9375762939453,14303.441848754883,-0.029593442223633686,REBALANCE
2025-04-04 00:00:00-04:00,BUY,TRV,57,239.34779357910156,13642.824234008789,0.0,NEW_POSITION
2025-04-04 00:00:00-04:00,BUY,FOX,303,45.499786376953125,13786.435272216797,0.0,NEW_POSITION
2025-04-04 00:00:00-04:00,BUY,UHS,79,174.01161193847656,13746.917343139648,0.0,NEW_POSITION
2025-04-04 00:00:00-04:00,BUY,HII,75,182.12899780273438,13659.674835205078,0.0,NEW_POSITION
2025-04-04 00:00:00-04:00,BUY,GE,83,166.3634796142578,13808.168807983398,0.0,NEW_POSITION
2025-04-04 00:00:00-04:00,BUY,CB,49,279.7388610839844,13707.204193115234,0.0,NEW_POSITION
2025-04-11 00:00:00-04:00,SELL,HII,75,212.44937133789062,15933.702850341797,0.16647746323183818,TAKE_PROFIT
2025-04-11 00:00:00-04:00,SELL,BRK-B,28,524.1099853515625,14675.07958984375,-0.004180069193510473,REBALANCE
2025-04-11 00:00:00-04:00,SELL,TRV,57,242.1833038330078,13804.448318481445,0.011846820108534438,REBALANCE
2025-04-11 00:00:00-04:00,SELL,FOX,303,45.42019271850586,13762.318393707275,-0.0017493193877407295,REBALANCE
2025-04-11 00:00:00-04:00,SELL,UHS,79,174.88900756835938,13816.23159790039,0.0050421671295880184,REBALANCE
2025-04-11 00:00:00-04:00,SELL,GE,83,181.18368530273438,15038.245880126953,0.08908328752704467,REBALANCE
2025-04-11 00:00:00-04:00,BUY,INCY,254,56.869998931884766,14444.97972869873,0.0,NEW_POSITION
2025-04-11 00:00:00-04:00,BUY,HII,68,212.44937133789062,14446.557250976562,0.0,NEW_POSITION
2025-04-11 00:00:00-04:00,BUY,HWM,115,125.43401336669922,14424.91153717041,0.0,NEW_POSITION
2025-04-11 00:00:00-04:00,BUY,TEL,114,126.94072723388672,14471.242904663086,0.0,NEW_POSITION
2025-04-11 00:00:00-04:00,BUY,BIIB,125,115.16999816894531,14396.249771118164,0.0,NEW_POSITION
2025-04-11 00:00:00-04:00,BUY,CME,56,257.9195861816406,14443.496826171875,0.0,NEW_POSITION
2025-04-25 00:00:00-04:00,SELL,CB,49,278.1741027832031,13630.531036376953,-0.005593639348919318,REBALANCE
2025-04-25 00:00:00-04:00,SELL,INCY,254,59.15999984741211,15026.639961242676,0.040267293098952925,REBALANCE
2025-04-25 00:00:00-04:00,SELL,HII,68,222.6021270751953,15136.944641113281,0.047789059922221246,REBALANCE
2025-04-25 00:00:00-04:00,SELL,HWM,115,135.5050506591797,15583.080825805664,0.0802895245250454,REBALANCE
2025-04-25 00:00:00-04:00,SELL,BIIB,125,118.83999633789062,14854.999542236328,0.031865921917978275,REBALANCE
2025-04-25 00:00:00-04:00,SELL,CME,56,262.6136474609375,14706.3642578125,0.01819970847809545,REBALANCE
2025-04-25 00:00:00-04:00,BUY,MCK,21,692.839599609375,14549.631591796875,0.0,NEW_POSITION
2025-04-25 00:00:00-04:00,BUY,MDT,183,82.83821868896484,15159.394020080566,0.0,NEW_POSITION
2025-04-25 00:00:00-04:00,BUY,FOXA,309,49.123661041259766,15179.211261749268,0.0,NEW_POSITION
2025-04-25 00:00:00-04:00,BUY,LRCX,213,70.9854507446289,15119.901008605957,0.0,NEW_POSITION
2025-04-25 00:00:00-04:00,BUY,IVZ,1125,13.489791870117188,15176.015853881836,0.0,NEW_POSITION
2025-05-02 00:00:00-04:00,SELL,TEL,114,148.74734497070312,16957.197326660156,0.17178582644038254,TAKE_PROFIT
2025-05-02 00:00:00-04:00,SELL,MCK,21,706.2079467773438,14830.366882324219,0.01929501023830893,REBALANCE
2025-05-02 00:00:00-04:00,SELL,MDT,183,83.51737213134766,15283.679100036621,0.008198551986406786,REBALANCE
2025-05-02 00:00:00-04:00,SELL,FOXA,309,49.24311065673828,15216.121192932129,0.0024316106118024866,REBALANCE
2025-05-02 00:00:00-04:00,SELL,LRCX,213,74.06659698486328,15776.185157775879,0.04340532049755998,REBALANCE
2025-05-02 00:00:00-04:00,SELL,IVZ,1125,13.954622268676758,15698.950052261353,0.03445793701156134,REBALANCE
2025-05-02 00:00:00-04:00,BUY,WRB,218,70.80973815917969,15436.522918701172,0.0,NEW_POSITION
2025-05-02 00:00:00-04:00,BUY,RTX,120,128.4737548828125,15416.8505859375,0.0,NEW_POSITION
2025-05-02 00:00:00-04:00,BUY,CME,56,276.56781005859375,15487.79736328125,0.0,NEW_POSITION
2025-05-02 00:00:00-04:00,BUY,GILD,152,101.56818389892578,15438.363952636719,0.0,NEW_POSITION
2025-05-02 00:00:00-04:00,BUY,HWM,100,153.78067016601562,15378.067016601562,0.0,NEW_POSITION
2025-05-02 00:00:00-04:00,BUY,INCY,247,62.529998779296875,15444.909698486328,0.0,NEW_POSITION
2025-05-02 00:00:00-04:00,BUY,HII,68,226.51156616210938,15402.786499023438,0.0,NEW_POSITION
2025-05-09 00:00:00-04:00,SELL,WRB,218,70.69271850585938,15411.012634277344,-0.0016525926569203422,REBALANCE
2025-05-09 00:00:00-04:00,SELL,RTX,120,126.95428466796875,15234.51416015625,-0.011827086522299723,REBALANCE
2025-05-09 00:00:00-04:00,SELL,CME,56,280.413818359375,15703.173828125,0.013906203690033318,REBALANCE
2025-05-09 00:00:00-04:00,SELL,GILD,152,94.93608093261719,14430.284301757812,-0.06529705181012631,REBALANCE
2025-05-09 00:00:00-04:00,SELL,HWM,100,157.2142333984375,15721.42333984375,0.02232766464546639,REBALANCE
2025-05-09 00:00:00-04:00,SELL,INCY,247,58.97999954223633,14568.059886932373,-0.05677273798757725,REBALANCE
2025-05-09 00:00:00-04:00,SELL,HII,68,228.0970001220703,15510.596008300781,0.006999351012505371,REBALANCE
2025-05-09 00:00:00-04:00,BUY,MCK,22,691.304443359375,15208.69775390625,0.0,NEW_POSITION
2025-05-09 00:00:00-04:00,BUY,BK,179,85.03514862060547,15221.291603088379,0.0,NEW_POSITION
2025-05-09 00:00:00-04:00,BUY,MNST,250,61.0,15250.0,0.0,NEW_POSITION
2025-05-09 00:00:00-04:00,BUY,HOOD,279,54.650001525878906,15247.350425720215,0.0,NEW_POSITION
2025-05-09 00:00:00-04:00,BUY,NEM,286,53.39518356323242,15271.022499084473,0.0,NEW_POSITION
2025-05-09 00:00:00-04:00,BUY,MDT,186,82.16889190673828,15283.41389465332,0.0,NEW_POSITION
2025-05-09 00:00:00-04:00,BUY,ALL,76,199.7340850830078,15179.790466308594,0.0,NEW_POSITION
2025-05-14 00:00:00-04:00,SELL,NEM,286,48.13282012939453,13765.986557006836,-0.09855502093378925,STOP_LOSS
2025-05-16 00:00:00-04:00,SELL,MCK,22,721.9288940429688,15882.435668945312,0.0442995137348967,REBALANCE
2025-05-16 00:00:00-04:00,SELL,BK,179,89.15277862548828,15958.347373962402,0.0484226825221899,REBALANCE
2025-05-16 00:00:00-04:00,SELL,ALL,76,206.06202697753906,15660.714050292969,0.03168183283239518,REBALANCE
2025-05-16 00:00:00-04:00,BUY,TRV,58,270.3407287597656,15679.762268066406,0.0,NEW_POSITION
2025-05-16 00:00:00-04:00,BUY,NEM,318,49.557212829589844,15759.19367980957,0.0,NEW_POSITION
2025-05-16 00:00:00-04:00,BUY,GOOGL,95,165.73233032226562,15744.571380615234,0.0,NEW_POSITION
2025-05-19 00:00:00-04:00,SELL,HOOD,279,64.2699966430664,17931.329063415527,0.17602918295678469,TAKE_PROFIT
2025-05-23 00:00:00-04:00,SELL,MNST,250,63.36000061035156,15840.00015258789,0.038688534595927256,REBALANCE
2025-05-23 00:00:00-04:00,SELL,TRV,58,267.7818298339844,15531.346130371094,-0.009465458414352276,REBALANCE
2025-05-23 00:00:00-04:00,SELL,NEM,318,53.068763732910156,16875.86686706543,0.07085852296406024,REBALANCE
2025-05-23 00:00:00-04:00,SELL,GOOGL,95,168.0060272216797,15960.57258605957,0.013719090867743615,REBALANCE
2025-05-23 00:00:00-04:00,BUY,MU,170,93.22382354736328,15848.050003051758,0.0,NEW_POSITION
2025-05-23 00:00:00-04:00,BUY,AFL,156,101.4444351196289,15825.33187866211,0.0,NEW_POSITION
2025-05-23 00:00:00-04:00,BUY,DGX,93,169.7021484375,15782.2998046875,0.0,NEW_POSITION
2025-05-23 00:00:00-04:00,BUY,FOX,317,50.17612838745117,15905.832698822021,0.0,NEW_POSITION
2025-05-23 00:00:00-04:00,BUY,GE,68,232.16683959960938,15787.345092773438,0.0,NEW_POSITION
2025-05-23 00:00:00-04:00,BUY,CB,55,285.14068603515625,15682.737731933594,0.0,NEW_POSITION
2025-05-30 00:00:00-04:00,SELL,MDT,186,81.67674255371094,15191.874114990234,-0.005989485091096682,REBALANCE
2025-05-30 00:00:00-04:00,SELL,MU,170,94.31210327148438,16033.057556152344,0.011673837037677205,REBALANCE
2025-05-30 00:00:00-04:00,SELL,AFL,156,102.4437484741211,15981.22476196289,0.00985084448756348,REBALANCE
2025-05-30 00:00:00-04:00,SELL,DGX,93,171.7933349609375,15976.780151367188,0.012322687383110344,REBALANCE
2025-05-30 00:00:00-04:00,SELL,FOX,317,50.02688217163086,15858.521648406982,-0.002974446626648028,REBALANCE
2025-05-30 00:00:00-04:00,SELL,GE,68,245.25173950195312,16677.118286132812,0.05635990016881707,REBALANCE
2025-05-30 00:00:00-04:00,SELL,CB,55,296.2034912109375,16291.192016601562,0.03879770835094809,REBALANCE
2025-05-30 00:00:00-04:00,BUY,CINF,109,148.30702209472656,16165.465408325195,0.0,NEW_POSITION
2025-05-30 00:00:00-04:00,BUY,GILD,150,107.83782958984375,16175.674438476562,0.0,NEW_POSITION
2025-05-30 00:00:00-04:00,BUY,WELL,106,153.0030975341797,16218.328338623047,0.0,NEW_POSITION
2025-05-30 00:00:00-04:00,BUY,GD,58,275.85626220703125,15999.663208007812,0.0,NEW_POSITION
2025-05-30 00:00:00-04:00,BUY,T,597,27.231788635253906,16257.377815246582,0.0,NEW_POSITION
2025-05-30 00:00:00-04:00,BUY,WDC,316,51.35300827026367,16227.55061340332,0.0,NEW_POSITION
2025-05-30 00:00:00-04:00,BUY,LHX,67,241.06166076660156,16151.131271362305,0.0,NEW_POSITION
2025-06-06 00:00:00-04:00,SELL,CINF,109,148.5135040283203,16187.971939086914,0.0013922599933391287,REBALANCE
2025-06-06 00:00:00-04:00,SELL,WELL,106,153.17169189453125,16236.199340820312,0.0011019016155140247,REBALANCE
2025-06-06 00:00:00-04:00,SELL,GD,58,273.86529541015625,15884.187133789062,-0.007217406561467766,REBALANCE
2025-06-06 00:00:00-04:00,SELL,WDC,316,55.34103012084961,17487.765518188477,0.07765897237407278,REBALANCE
2025-06-06 00:00:00-04:00,SELL,LHX,67,242.18780517578125,16226.582946777344,0.004671603130910279,REBALANCE
2025-06-06 00:00:00-04:00,BUY,IBM,62,265.59991455078125,16467.194702148438,0.0,NEW_POSITION
2025-06-06 00:00:00-04:00,BUY,BIIB,124,133.1300048828125,16508.12060546875,0.0,NEW_POSITION
2025-06-06 00:00:00-04:00,BUY,HIG,128,128.25765991210938,16416.98046875,0.0,NEW_POSITION
2025-06-06 00:00:00-04:00,BUY,GE,64,254.94570922851562,16316.525390625,0.0,NEW_POSITION
2025-06-06 00:00:00-04:00,BUY,CSCO,253,65.27098846435547,16513.560081481934,0.0,NEW_POSITION
2025-06-13 00:00:00-04:00,SELL,GILD,150,108.50486755371094,16275.73013305664,0.0061855655515716135,REBALANCE
2025-06-13 00:00:00-04:00,SELL,T,597,27.613819122314453,16485.45001602173,0.014028842988520238,REBALANCE
2025-06-13 00:00:00-04:00,SELL,IBM,62,273.848388671875,16978.60009765625,0.031056011953334746,REBALANCE
2025-06-13 00:00:00-04:00,SELL,BIIB,124,130.64999389648438,16200.599243164062,-0.018628490162763467,REBALANCE
2025-06-13 00:00:00-04:00,SELL,HIG,128,124.191650390625,15896.53125,-0.031701884505538874,REBALANCE
2025-06-13 00:00:00-04:00,SELL,GE,64,235.96665954589844,15101.8662109375,-0.07444349520550544,REBALANCE
2025-06-13 00:00:00-04:00,SELL,CSCO,253,63.324520111083984,16021.103588104248,-0.029821340216633185,REBALANCE
2025-06-13 00:00:00-04:00,BUY,AFL,160,101.09814453125,16175.703125,0.0,NEW_POSITION
2025-06-13 00:00:00-04:00,BUY,ALL,82,197.01434326171875,16155.176147460938,0.0,NEW_POSITION
2025-06-13 00:00:00-04:00,BUY,HWM,94,170.98707580566406,16072.785125732422,0.0,NEW_POSITION
2025-06-13 00:00:00-04:00,BUY,FOXA,303,53.443756103515625,16193.458099365234,0.0,NEW_POSITION
2025-06-13 00:00:00-04:00,BUY,CINF,112,143.92132568359375,16119.1884765625,0.0,NEW_POSITION
2025-06-13 00:00:00-04:00,BUY,JNJ,104,154.97132873535156,16117.018188476562,0.0,NEW_POSITION
2025-06-13 00:00:00-04:00,BUY,STX,128,126.199951171875,16153.59375,0.0,NEW_POSITION
2025-06-20 00:00:00-04:00,SELL,AFL,160,102.20629119873047,16353.006591796875,0.010961097976807423,REBALANCE
2025-06-20 00:00:00-04:00,SELL,ALL,82,193.458740234375,15863.61669921875,-0.018047432326388533,REBALANCE
2025-06-20 00:00:00-04:00,SELL,HWM,94,173.12440490722656,16273.694061279297,0.012499945340849554,REBALANCE
2025-06-20 00:00:00-04:00,SELL,FOXA,303,54.99660110473633,16663.970134735107,0.02905568609760485,REBALANCE
2025-06-20 00:00:00-04:00,SELL,CINF,112,143.01666259765625,16017.8662109375,-0.006285816793588823,REBALANCE
2025-06-20 00:00:00-04:00,SELL,JNJ,104,147.7603759765625,15367.0791015625,-0.046530882955152224,REBALANCE
2025-06-20 00:00:00-04:00,BUY,GE,67,238.72923278808594,15994.858596801758,0.0,NEW_POSITION
2025-06-20 00:00:00-04:00,BUY,HII,69,232.36502075195312,16033.186431884766,0.0,NEW_POSITION
2025-06-20 00:00:00-04:00,BUY,GOOGL,97,166.38226318359375,16139.079528808594,0.0,NEW_POSITION
2025-06-20 00:00:00-04:00,BUY,BK,178,90.68699645996094,16142.285369873047,0.0,NEW_POSITION
2025-06-20 00:00:00-04:00,BUY,MDT,190,84.98397064208984,16146.95442199707,0.0,NEW_POSITION
2025-06-20 00:00:00-04:00,BUY,MCK,22,719.388916015625,15826.55615234375,0.0,NEW_POSITION
2025-06-27 00:00:00-04:00,SELL,GE,67,253.82870483398438,17006.523223876953,0.06324936359721756,REBALANCE
2025-06-27 00:00:00-04:00,SELL,HII,69,236.43690490722656,16314.146438598633,0.01752365369837711,REBALANCE
2025-06-27 00:00:00-04:00,SELL,GOOGL,97,178.25387573242188,17290.625946044922,0.07135143086573145,REBALANCE
2025-06-27 00:00:00-04:00,SELL,MDT,190,85.3723373413086,16220.744094848633,0.004569881782228758,REBALANCE
2025-06-27 00:00:00-04:00,SELL,MCK,22,724.2386474609375,15933.250244140625,0.0067414597825234835,REBALANCE
2025-06-27 00:00:00-04:00,BUY,T,610,27.506067276000977,16778.701038360596,0.0,NEW_POSITION
2025-06-27 00:00:00-04:00,BUY,UHS,94,177.7378387451172,16707.356842041016,0.0,NEW_POSITION
2025-06-27 00:00:00-04:00,BUY,L,185,90.28792572021484,16703.266258239746,0.0,NEW_POSITION
2025-06-27 00:00:00-04:00,BUY,LRCX,173,96.8489990234375,16754.876831054688,0.0,NEW_POSITION
2025-07-02 00:00:00-04:00,SELL,STX,128,151.46258544921875,19387.2109375,0.2001794298869253,TAKE_PROFIT
2025-07-11 00:00:00-04:00,SELL,BK,178,92.76560974121094,16512.278533935547,0.02292074235987874,REBALANCE
2025-07-11 00:00:00-04:00,SELL,T,610,26.68273162841797,16276.466293334961,-0.02993287405725818,REBALANCE
2025-07-11 00:00:00-04:00,SELL,UHS,94,182.16929626464844,17123.913848876953,0.02493254982067228,REBALANCE
2025-07-11 00:00:00-04:00,SELL,L,185,90.4776840209961,16738.371543884277,0.0021017018529063897,REBALANCE
2025-07-11 00:00:00-04:00,SELL,LRCX,173,101.3626480102539,17535.738105773926,0.04660501432466123,REBALANCE
2025-07-11 00:00:00-04:00,BUY,CME,62,272.5142517089844,16895.88360595703,0.0,NEW_POSITION
2025-07-11 00:00:00-04:00,BUY,NEM,287,59.75701141357422,17150.2622756958,0.0,NEW_POSITION
2025-07-11 00:00:00-04:00,BUY,APH,174,98.43353271484375,17127.434692382812,0.0,NEW_POSITION
2025-07-11 00:00:00-04:00,BUY,GD,57,300.8775634765625,17150.021118164062,0.0,NEW_POSITION
2025-07-11 00:00:00-04:00,BUY,HCA,45,374.8408508300781,16867.838287353516,0.0,NEW_POSITION
2025-07-11 00:00:00-04:00,BUY,IVZ,1002,17.108762741088867,17142.980266571045,0.0,NEW_POSITION
2025-07-11 00:00:00-04:00,BUY,RTX,117,145.6503448486328,17041.09034729004,0.0,NEW_POSITION
2025-07-18 00:00:00-04:00,SELL,CME,62,272.1378173828125,16872.544677734375,-0.0013813381274967813,REBALANCE
2025-07-18 00:00:00-04:00,SELL,NEM,287,57.829044342041016,16596.93572616577,-0.032263445341834014,REBALANCE
2025-07-18 00:00:00-04:00,SELL,APH,174,102.9983901977539,17921.71989440918,0.04637502441504649,REBALANCE
2025-07-18 00:00:00-04:00,SELL,GD,57,297.671630859375,16967.282958984375,-0.010655273128856061,REBALANCE
2025-07-18 00:00:00-04:00,SELL,HCA,45,359.9396667480469,16197.28500366211,-0.039753362124306496,REBALANCE
2025-07-18 00:00:00-04:00,SELL,IVZ,1002,19.55286979675293,19591.975536346436,0.14285703137341596,REBALANCE
2025-07-18 00:00:00-04:00,SELL,RTX,117,150.2418975830078,17578.302017211914,0.03152448927702007,REBALANCE
2025-07-18 00:00:00-04:00,BUY,GOOG,94,185.65283203125,17451.3662109375,0.0,NEW_POSITION
2025-07-18 00:00:00-04:00,BUY,WRB,258,67.58613586425781,17437.223052978516,0.0,NEW_POSITION
2025-07-18 00:00:00-04:00,BUY,T,656,26.653053283691406,17484.402954101562,0.0,NEW_POSITION
2025-07-18 00:00:00-04:00,BUY,ALL,90,192.22071838378906,17299.864654541016,0.0,NEW_POSITION
2025-07-18 00:00:00-04:00,BUY,WDC,257,67.86636352539062,17441.65542602539,0.0,NEW_POSITION
2025-07-18 00:00:00-04:00,BUY,GE,66,262.9486999511719,17354.614196777344,0.0,NEW_POSITION
2025-07-18 00:00:00-04:00,BUY,TEL,98,178.33560180664062,17476.88897705078,0.0,NEW_POSITION
2025-07-25 00:00:00-04:00,SELL,TEL,98,207.32249450683594,20317.604461669922,0.1625412559609056,TAKE_PROFIT
2025-07-25 00:00:00-04:00,SELL,GOOG,94,193.78025817871094,18215.344268798828,0.043777550056941165,REBALANCE
2025-07-25 00:00:00-04:00,SELL,WRB,258,67.82206726074219,17498.093353271484,0.003490825351492609,REBALANCE
2025-07-25 00:00:00-04:00,SELL,T,656,27.701763153076172,18172.35662841797,0.039346706668929934,REBALANCE
2025-07-25 00:00:00-04:00,SELL,WDC,257,68.68475341796875,17651.98162841797,0.012058844029147715,REBALANCE
2025-07-25 00:00:00-04:00,SELL,GE,66,271.258544921875,17903.06396484375,0.03160253301212829,REBALANCE
2025-07-25 00:00:00-04:00,BUY,MDT,197,92.24024200439453,18171.327674865723,0.0,NEW_POSITION
2025-07-25 00:00:00-04:00,BUY,INCY,259,70.19999694824219,18181.799209594727,0.0,NEW_POSITION
2025-07-25 00:00:00-04:00,BUY,CSCO,267,68.27771759033203,18230.150596618652,0.0,NEW_POSITION
2025-07-25 00:00:00-04:00,BUY,HIG,149,122.32723999023438,18226.758758544922,0.0,NEW_POSITION
2025-07-25 00:00:00-04:00,BUY,GILD,159,114.64143371582031,18227.98796081543,0.0,NEW_POSITION
2025-07-25 00:00:00-04:00,BUY,LRCX,188,96.60986328125,18162.654296875,0.0,NEW_POSITION
2025-08-01 00:00:00-04:00,SELL,ALL,90,197.85621643066406,17807.059478759766,0.029317849263382368,REBALANCE
2025-08-01 00:00:00-04:00,SELL,INCY,259,75.58999633789062,19577.809051513672,0.07678062142399286,REBALANCE
2025-08-01 00:00:00-04:00,SELL,HIG,149,121.98014068603516,18175.04096221924,-0.0028374653448154995,REBALANCE
2025-08-01 00:00:00-04:00,SELL,LRCX,188,96.0219955444336,18052.135162353516,-0.00608496603607656,REBALANCE
2025-08-01 00:00:00-04:00,BUY,GOOGL,96,188.8374786376953,18128.39794921875,0.0,NEW_POSITION
2025-08-01 00:00:00-04:00,BUY,CME,65,278.14129638671875,18079.18426513672,0.0,NEW_POSITION
2025-08-01 00:00:00-04:00,BUY,EXE,182,99.93795776367188,18188.70831298828,0.0,NEW_POSITION
2025-08-01 00:00:00-04:00,BUY,DGX,107,170.09469604492188,18200.13247680664,0.0,NEW_POSITION
2025-08-08 00:00:00-04:00,SELL,MDT,197,92.18069458007812,18159.59683227539,-0.0006455688213997669,REBALANCE
2025-08-08 00:00:00-04:00,SELL,CSCO,267,71.35911560058594,19052.883865356445,0.04513036051882064,REBALANCE
2025-08-08 00:00:00-04:00,SELL,GILD,159,117.80838775634766,18731.533653259277,0.02762486422123583,REBALANCE
2025-08-08 00:00:00-04:00,SELL,GOOGL,96,201.10845947265625,19306.412109375,0.06498170237966433,REBALANCE
2025-08-08 00:00:00-04:00,SELL,CME,65,279.5777587890625,18172.554321289062,0.005164506029865262,REBALANCE
2025-08-08 00:00:00-04:00,SELL,EXE,182,97.16435241699219,17683.912139892578,-0.027753272217534868,REBALANCE
2025-08-08 00:00:00-04:00,SELL,DGX,107,176.1776885986328,18851.01268005371,0.03576238821758689,REBALANCE
2025-08-08 00:00:00-04:00,BUY,WELL,113,166.63929748535156,18830.240615844727,0.0,NEW_POSITION
2025-08-08 00:00:00-04:00,BUY,FOXA,350,53.77224349975586,18820.28522491455,0.0,NEW_POSITION
2025-08-08 00:00:00-04:00,BUY,LRCX,185,101.382568359375,18755.775146484375,0.0,NEW_POSITION
2025-08-08 00:00:00-04:00,BUY,GD,60,312.7553405761719,18765.320434570312,0.0,NEW_POSITION
2025-08-08 00:00:00-04:00,BUY,RTX,122,153.57398986816406,18736.026763916016,0.0,NEW_POSITION
2025-08-08 00:00:00-04:00,BUY,ALL,92,204.81886291503906,18843.335388183594,0.0,NEW_POSITION
2025-08-08 00:00:00-04:00,BUY,HII,71,262.2354431152344,18618.71646118164,0.0,NEW_POSITION
2025-08-15 00:00:00-04:00,SELL,WELL,113,162.26637268066406,18336.10011291504,-0.026241858137165407,REBALANCE
2025-08-15 00:00:00-04:00,SELL,FOXA,350,58.09233856201172,20332.3184967041,0.08034061406189001,REBALANCE
2025-08-15 00:00:00-04:00,SELL,LRCX,185,99.1506576538086,18342.87166595459,-0.022014738250217332,REBALANCE
2025-08-15 00:00:00-04:00,SELL,GD,60,312.3172607421875,18739.03564453125,-0.0014007109620488806,REBALANCE
2025-08-15 00:00:00-04:00,SELL,RTX,122,153.48338317871094,18724.972747802734,-0.0005899872076704298,REBALANCE
2025-08-15 00:00:00-04:00,SELL,HII,71,263.7809753417969,18728.449249267578,0.005893681678579754,REBALANCE
2025-08-15 00:00:00-04:00,BUY,T,663,28.562496185302734,18936.934970855713,0.0,NEW_POSITION
2025-08-15 00:00:00-04:00,BUY,INCY,218,86.91999816894531,18948.559600830078,0.0,NEW_POSITION
2025-08-15 00:00:00-04:00,BUY,HIG,146,129.47744750976562,18903.70733642578,0.0,NEW_POSITION
2025-08-15 00:00:00-04:00,BUY,LHX,70,268.2437438964844,18777.062072753906,0.0,NEW_POSITION
2025-08-15 00:00:00-04:00,BUY,TEL,93,201.99147033691406,18785.206741333008,0.0,NEW_POSITION
2025-08-15 00:00:00-04:00,BUY,CBOE,76,247.6300048828125,18819.88037109375,0.0,NEW_POSITION
2025-08-22 00:00:00-04:00,SELL,ALL,92,203.55111694335938,18726.702758789062,-0.006189595790332853,REBALANCE
2025-08-22 00:00:00-04:00,SELL,T,663,28.46356201171875,18871.34161376953,-0.0034637789688315985,REBALANCE
2025-08-22 00:00:00-04:00,SELL,INCY,218,85.04000091552734,18538.72019958496,-0.02162905307204266,REBALANCE
2025-08-22 00:00:00-04:00,SELL,HIG,146,132.9087677001953,19404.680084228516,0.02650129622126576,REBALANCE
2025-08-22 00:00:00-04:00,SELL,LHX,70,273.4192810058594,19139.349670410156,0.01929415774696407,REBALANCE
2025-08-22 00:00:00-04:00,SELL,TEL,93,205.0,19065.0,0.014894340132619584,REBALANCE
2025-08-22 00:00:00-04:00,SELL,CBOE,76,246.42999267578125,18728.679443359375,-0.004845988706413584,REBALANCE
2025-08-22 00:00:00-04:00,BUY,IVZ,890,21.36128044128418,19011.53959274292,0.0,NEW_POSITION
2025-08-22 00:00:00-04:00,BUY,BRK-B,38,489.0,18582.0,0.0,NEW_POSITION
2025-08-22 00:00:00-04:00,BUY,FOXA,321,59.14747619628906,18986.33985900879,0.0,NEW_POSITION
2025-08-22 00:00:00-04:00,BUY,JNJ,107,176.86065673828125,18924.090270996094,0.0,NEW_POSITION
2025-08-22 00:00:00-04:00,BUY,CME,71,267.006103515625,18957.433349609375,0.0,NEW_POSITION
2025-08-22 00:00:00-04:00,BUY,GLW,291,65.28013610839844,18996.519607543945,0.0,NEW_POSITION
2025-08-22 00:00:00-04:00,BUY,COR,65,292.1195983886719,18987.773895263672,0.0,NEW_POSITION
2025-08-29 00:00:00-04:00,SELL,IVZ,890,21.698301315307617,19311.48817062378,0.015777185031103723,REBALANCE
2025-08-29 00:00:00-04:00,SELL,BRK-B,38,502.9800109863281,19113.24041748047,0.028588979522143405,REBALANCE
2025-08-29 00:00:00-04:00,SELL,FOXA,321,59.42619323730469,19075.808029174805,0.004712238948127965,REBALANCE
2025-08-29 00:00:00-04:00,SELL,JNJ,107,176.0522003173828,18837.58543395996,-0.004571149037938906,REBALANCE
2025-08-29 00:00:00-04:00,SELL,CME,71,264.0242004394531,18745.718231201172,-0.011167921020941666,REBALANCE
2025-08-29 00:00:00-04:00,SELL,GLW,291,66.80211639404297,19439.415870666504,0.023314600372726934,REBALANCE
2025-08-29 00:00:00-04:00,SELL,COR,65,291.1312255859375,18923.529663085938,-0.003383452559110129,REBALANCE
2025-08-29 00:00:00-04:00,BUY,BK,182,105.08173370361328,19124.875534057617,0.0,NEW_POSITION
2025-08-29 00:00:00-04:00,BUY,INCY,226,84.61000061035156,19121.860137939453,0.0,NEW_POSITION
2025-08-29 00:00:00-04:00,BUY,T,661,28.978023529052734,19154.473552703857,0.0,NEW_POSITION
2025-08-29 00:00:00-04:00,BUY,RTX,121,157.9756317138672,19115.05143737793,0.0,NEW_POSITION
2025-08-29 00:00:00-04:00,BUY,UHS,105,181.23110961914062,19029.266510009766,0.0,NEW_POSITION
2025-08-29 00:00:00-04:00,BUY,HCA,47,402.6396484375,18924.0634765625,0.0,NEW_POSITION
2025-08-29 00:00:00-04:00,BUY,STX,114,166.87399291992188,19023.635192871094,0.0,NEW_POSITION
2025-09-05 00:00:00-04:00,SELL,BK,182,103.18110656738281,18778.961395263672,-0.018087131504617673,REBALANCE
2025-09-05 00:00:00-04:00,SELL,T,661,29.274826049804688,19350.6600189209,0.010242331415542726,REBALANCE
2025-09-05 00:00:00-04:00,SELL,UHS,105,189.9639129638672,19946.210861206055,0.04818600605094045,REBALANCE
2025-09-05 00:00:00-04:00,SELL,HCA,47,419.3947448730469,19711.553009033203,0.041613130998319196,REBALANCE
2025-09-05 00:00:00-04:00,SELL,STX,114,187.5687713623047,21382.839935302734,0.12401440200639086,REBALANCE
2025-09-05 00:00:00-04:00,BUY,GOOG,84,234.80679321289062,19723.770629882812,0.0,NEW_POSITION
2025-09-05 00:00:00-04:00,BUY,ALL,98,200.58375549316406,19657.208038330078,0.0,NEW_POSITION
2025-09-05 00:00:00-04:00,BUY,LHX,72,271.260498046875,19530.755859375,0.0,NEW_POSITION
2025-09-05 00:00:00-04:00,BUY,COR,67,292.019775390625,19565.324951171875,0.0,NEW_POSITION
2025-09-05 00:00:00-04:00,BUY,MDT,214,92.20054626464844,19730.916900634766,0.0,NEW_POSITION
2025-09-12 00:00:00-04:00,SELL,INCY,226,83.0999984741211,18780.599655151367,-0.01784661535678713,REBALANCE
2025-09-12 00:00:00-04:00,SELL,RTX,121,155.23646545410156,18783.61231994629,-0.017339169529177325,REBALANCE
2025-09-12 00:00:00-04:00,SELL,GOOG,84,241.22262573242188,20262.700561523438,0.02732387948296816,REBALANCE
2025-09-12 00:00:00-04:00,SELL,ALL,98,199.44911193847656,19546.012969970703,-0.005656707104210983,REBALANCE
2025-09-12 00:00:00-04:00,SELL,LHX,72,278.0422668457031,20019.043212890625,0.025000945023909104,REBALANCE
2025-09-12 00:00:00-04:00,SELL,COR,67,302.0233154296875,20235.562133789062,0.034256378786954075,REBALANCE
2025-09-12 00:00:00-04:00,SELL,MDT,214,93.32203674316406,19970.91586303711,0.012163599066935541,REBALANCE
2025-09-12 00:00:00-04:00,BUY,CSCO,300,66.13068389892578,19839.205169677734,0.0,NEW_POSITION
2025-09-12 00:00:00-04:00,BUY,BK,187,105.95741271972656,19814.036178588867,0.0,NEW_POSITION
2025-09-12 00:00:00-04:00,BUY,T,679,29.25503921508789,19864.171627044678,0.0,NEW_POSITION
2025-09-12 00:00:00-04:00,BUY,GD,61,324.72271728515625,19808.08575439453,0.0,NEW_POSITION
2025-09-12 00:00:00-04:00,BUY,STX,101,195.37417602539062,19732.791778564453,0.0,NEW_POSITION
2025-09-12 00:00:00-04:00,BUY,HIG,150,131.9397430419922,19790.961456298828,0.0,NEW_POSITION
2025-09-12 00:00:00-04:00,BUY,CVS,267,74.37200927734375,19857.32647705078,0.0,NEW_POSITION
2025-09-19 00:00:00-04:00,SELL,CSCO,300,67.80059814453125,20340.179443359375,0.025251731074757488,REBALANCE
2025-09-19 00:00:00-04:00,SELL,BK,187,108.17646789550781,20228.99949645996,0.02094289695097584,REBALANCE
2025-09-19 00:00:00-04:00,SELL,T,679,28.701004028320312,19487.981735229492,-0.0189381112325374,REBALANCE
2025-09-19 00:00:00-04:00,SELL,HIG,150,130.37661743164062,19556.492614746094,-0.011847268869199403,REBALANCE
2025-09-19 00:00:00-04:00,SELL,CVS,267,74.31248474121094,19841.43342590332,-0.000800362081261474,REBALANCE
2025-09-19 00:00:00-04:00,BUY,MU,124,162.62815856933594,20165.891662597656,0.0,NEW_POSITION
2025-09-19 00:00:00-04:00,BUY,CME,77,260.3299255371094,20045.404266357422,0.0,NEW_POSITION
2025-09-19 00:00:00-04:00,BUY,CAH,135,149.1129608154297,20130.249710083008,0.0,NEW_POSITION
2025-09-19 00:00:00-04:00,BUY,HOOD,162,124.77999877929688,20214.359802246094,0.0,NEW_POSITION
2025-09-22 00:00:00-04:00,SELL,STX,101,228.60940551757812,23089.54995727539,0.17011065724401717,TAKE_PROFIT
2025-09-26 00:00:00-04:00,SELL,GD,61,328.8943786621094,20062.557098388672,0.012846841797304153,REBALANCE
2025-09-26 00:00:00-04:00,SELL,CME,77,269.0397644042969,20716.06185913086,0.0334569252813232,REBALANCE
2025-09-26 00:00:00-04:00,SELL,HOOD,162,121.77999877929688,19728.359802246094,-0.0240423147086755,REBALANCE
2025-09-26 00:00:00-04:00,BUY,IBM,72,282.7510070800781,20358.072509765625,0.0,NEW_POSITION
2025-09-26 00:00:00-04:00,BUY,IVZ,908,22.521034240722656,20449.099090576172,0.0,NEW_POSITION
2025-09-26 00:00:00-04:00,BUY,TRV,73,276.66552734375,20196.58349609375,0.0,NEW_POSITION
2025-09-26 00:00:00-04:00,BUY,LRCX,159,128.11907958984375,20370.933654785156,0.0,NEW_POSITION
2025-09-26 00:00:00-04:00,BUY,AFL,184,110.78207397460938,20383.901611328125,0.0,NEW_POSITION
2025-10-03 00:00:00-04:00,SELL,MU,124,187.8300018310547,23290.92022705078,0.15496604944323977,TAKE_PROFIT
2025-10-03 00:00:00-04:00,SELL,CAH,135,154.4600067138672,20852.10090637207,0.035859028411728826,REBALANCE
2025-10-03 00:00:00-04:00,SELL,IBM,72,286.78875732421875,20648.79052734375,0.014280232936525283,REBALANCE
2025-10-03 00:00:00-04:00,SELL,IVZ,908,23.82947540283203,21637.163665771484,0.05809862673817371,REBALANCE
2025-10-03 00:00:00-04:00,SELL,TRV,73,283.438720703125,20691.026611328125,0.024481522596631552,REBALANCE
2025-10-03 00:00:00-04:00,SELL,AFL,184,111.73709106445312,20559.624755859375,0.00862068253084551,REBALANCE
2025-10-03 00:00:00-04:00,BUY,DGX,121,179.3300018310547,21698.930221557617,0.0,NEW_POSITION
2025-10-03 00:00:00-04:00,BUY,MDT,222,97.69999694824219,21689.399322509766,0.0,NEW_POSITION
2025-10-03 00:00:00-04:00,BUY,HCA,50,428.90203857421875,21445.101928710938,0.0,NEW_POSITION
2025-10-03 00:00:00-04:00,BUY,L,213,101.62065887451172,21645.200340270996,0.0,NEW_POSITION
2025-10-03 00:00:00-04:00,BUY,COR,71,302.262939453125,21460.668701171875,0.0,NEW_POSITION
2025-10-06 00:00:00-04:00,SELL,LRCX,159,148.90484619140625,23675.870544433594,0.16223787017597516,TAKE_PROFIT
2025-10-10 00:00:00-04:00,SELL,DGX,121,184.07000732421875,22272.47088623047,0.026431748423387528,REBALANCE
2025-10-10 00:00:00-04:00,SELL,MDT,222,95.44999694824219,21189.899322509766,-0.023029683421504774,REBALANCE
2025-10-10 00:00:00-04:00,SELL,HCA,50,414.5234375,20726.171875,-0.03352420781681742,REBALANCE
2025-10-10 00:00:00-04:00,SELL,L,213,100.80113983154297,21470.642784118652,-0.008064492516041933,REBALANCE
2025-10-10 00:00:00-04:00,SELL,COR,71,317.4779052734375,22540.931274414062,0.05033685521566245,REBALANCE
2025-10-10 00:00:00-04:00,BUY,GOOG,91,237.3351593017578,21597.49949645996,0.0,NEW_POSITION
2025-10-10 00:00:00-04:00,BUY,APH,179,121.46577453613281,21742.373641967773,0.0,NEW_POSITION
2025-10-10 00:00:00-04:00,BUY,FOX,424,51.400001525878906,21793.600646972656,0.0,NEW_POSITION
2025-10-10 00:00:00-04:00,BUY,JNJ,115,189.5167236328125,21794.423217773438,0.0,NEW_POSITION
2025-10-10 00:00:00-04:00,BUY,INCY,260,83.80000305175781,21788.00079345703,0.0,NEW_POSITION
2025-10-10 00:00:00-04:00,BUY,WRB,285,76.42919158935547,21782.31960296631,0.0,NEW_POSITION
2025-10-10 00:00:00-04:00,BUY,IVZ,980,22.273223876953125,21827.759399414062,0.0,NEW_POSITION
2025-10-17 00:00:00-04:00,SELL,GOOG,91,253.62451171875,23079.83056640625,0.0686343838178701,REBALANCE
2025-10-17 00:00:00-04:00,SELL,APH,179,125.4081802368164,22448.064262390137,0.03245692637073527,REBALANCE
2025-10-17 00:00:00-04:00,SELL,JNJ,115,192.00094604492188,22080.108795166016,0.01310819628204707,REBALANCE
2025-10-17 00:00:00-04:00,SELL,INCY,260,87.56999969482422,22768.199920654297,0.04498802512856622,REBALANCE
2025-10-17 00:00:00-04:00,SELL,WRB,285,72.88579559326172,20772.45174407959,-0.04636181441159257,REBALANCE
2025-10-17 00:00:00-04:00,SELL,IVZ,980,22.590421676635742,22138.613243103027,0.014241216333789592,REBALANCE
2025-10-17 00:00:00-04:00,BUY,MDT,232,95.77999877929688,22220.959716796875,0.0,NEW_POSITION
2025-10-17 00:00:00-04:00,BUY,TEL,99,222.97999572753906,22075.019577026367,0.0,NEW_POSITION
2025-10-17 00:00:00-04:00,BUY,ALL,114,194.95033264160156,22224.337921142578,0.0,NEW_POSITION
2025-10-17 00:00:00-04:00,BUY,HWM,117,189.56935119628906,22179.61408996582,0.0,NEW_POSITION
2025-10-17 00:00:00-04:00,BUY,L,225,98.77232360839844,22223.77281188965,0.0,NEW_POSITION
2025-10-17 00:00:00-04:00,BUY,NEM,245,90.5069580078125,22174.204711914062,0.0,NEW_POSITION
2025-10-24 00:00:00-04:00,SELL,NEM,245,83.12841033935547,20366.46053314209,-0.0815246455175316,STOP_LOSS
2025-10-24 00:00:00-04:00,SELL,TEL,99,235.64999389648438,23329.349395751953,0.05682123245004847,REBALANCE
2025-10-24 00:00:00-04:00,SELL,ALL,114,192.2829132080078,21920.25210571289,-0.01368255902644474,REBALANCE
2025-10-24 00:00:00-04:00,SELL,L,225,99.99161529541016,22498.113441467285,0.012344466976861163,REBALANCE
2025-10-24 00:00:00-04:00,BUY,INCY,244,91.27999877929688,22272.319702148438,0.0,NEW_POSITION
2025-10-24 00:00:00-04:00,BUY,IBM,72,305.7740783691406,22015.733642578125,0.0,NEW_POSITION
2025-10-24 00:00:00-04:00,BUY,NEM,268,83.12841033935547,22278.413970947266,0.0,NEW_POSITION
2025-10-31 00:00:00-04:00,SELL,FOX,424,58.40999984741211,24765.839935302734,0.13638128625353843,REBALANCE
2025-10-31 00:00:00-04:00,SELL,MDT,232,90.69999694824219,21042.399291992188,-0.053038232363735886,REBALANCE
2025-10-31 00:00:00-04:00,SELL,INCY,244,93.4800033569336,22809.120819091797,0.024101715677670447,REBALANCE
2025-10-31 00:00:00-04:00,SELL,IBM,72,305.724365234375,22012.154296875,-0.0001625812594408662,REBALANCE
2025-10-31 00:00:00-04:00,SELL,NEM,268,80.73535919189453,21637.076263427734,-0.028787404182177602,REBALANCE
2025-10-31 00:00:00-04:00,BUY,COR,67,337.25537109375,22596.10986328125,0.0,NEW_POSITION
2025-10-31 00:00:00-04:00,BUY,DGX,128,175.9499969482422,22521.599609375,0.0,NEW_POSITION
2025-10-31 00:00:00-04:00,BUY,LRCX,144,157.20120239257812,22636.97314453125,0.0,NEW_POSITION
2025-10-31 00:00:00-04:00,BUY,HCA,49,458.99725341796875,22490.86541748047,0.0,NEW_POSITION
2025-10-31 00:00:00-04:00,BUY,WRB,322,70.21839141845703,22610.322036743164,0.0,NEW_POSITION
2025-11-07 00:00:00-05:00,SELL,COR,67,360.1078186035156,24127.223846435547,0.06776006987124637,REBALANCE
2025-11-07 00:00:00-05:00,SELL,DGX,128,179.5,22976.0,0.020176204111001426,REBALANCE
2025-11-07 00:00:00-05:00,SELL,LRCX,144,159.08810424804688,22908.68701171875,0.012003100655404627,REBALANCE
2025-11-07 00:00:00-05:00,SELL,HCA,49,475.902099609375,23319.202880859375,0.0368299506489911,REBALANCE
2025-11-07 00:00:00-05:00,SELL,WRB,322,73.79132843017578,23760.8077545166,0.05088320793944586,REBALANCE
2025-11-07 00:00:00-05:00,BUY,CVS,294,78.98999786376953,23223.059371948242,0.0,NEW_POSITION
2025-11-07 00:00:00-05:00,BUY,TEL,96,242.4199981689453,23272.31982421875,0.0,NEW_POSITION
2025-11-07 00:00:00-05:00,BUY,CAH,114,203.6699981689453,23218.379791259766,0.0,NEW_POSITION
2025-11-07 00:00:00-05:00,BUY,CBOE,90,256.6199951171875,23095.799560546875,0.0,NEW_POSITION
2025-11-07 00:00:00-05:00,BUY,ALL,115,201.34017944335938,23154.120635986328,0.0,NEW_POSITION
2025-11-14 00:00:00-05:00,SELL,HWM,117,203.2899932861328,23784.92921447754,0.07237795563079577,REBALANCE
2025-11-14 00:00:00-05:00,SELL,CVS,294,77.80999755859375,22876.139282226562,-0.014938604090240315,REBALANCE
2025-11-14 00:00:00-05:00,SELL,TEL,96,237.3300018310547,22783.68017578125,-0.020996602492931907,REBALANCE
2025-11-14 00:00:00-05:00,SELL,CAH,114,205.3699951171875,23412.179443359375,0.00834682065854408,REBALANCE
2025-11-14 00:00:00-05:00,SELL,CBOE,90,258.3500061035156,23251.500549316406,0.006741528404823257,REBALANCE
2025-11-14 00:00:00-05:00,SELL,ALL,115,213.29380798339844,24528.78791809082,0.05937030836610451,REBALANCE
2025-11-14 00:00:00-05:00,BUY,COR,64,361.94000244140625,23164.16015625,0.0,NEW_POSITION
2025-11-14 00:00:00-05:00,BUY,BRK-B,45,508.94000244140625,22902.30010986328,0.0,NEW_POSITION
2025-11-14 00:00:00-05:00,BUY,GILD,187,124.1996841430664,23225.340934753418,0.0,NEW_POSITION
2025-11-14 00:00:00-05:00,BUY,HII,74,312.59149169921875,23131.770385742188,0.0,NEW_POSITION
2025-11-14 00:00:00-05:00,BUY,IVZ,992,23.520000457763672,23331.840454101562,0.0,NEW_POSITION
2025-11-14 00:00:00-05:00,BUY,BK,211,110.4800033569336,23311.28070831299,0.0,NEW_POSITION
2025-11-14 00:00:00-05:00,BUY,NEM,266,87.54557037353516,23287.12171936035,0.0,NEW_POSITION
2025-11-21 00:00:00-05:00,SELL,BRK-B,45,504.0400085449219,22681.800384521484,-0.00962784193220989,REBALANCE
2025-11-21 00:00:00-05:00,SELL,GILD,187,125.8090591430664,23526.294059753418,0.012957963710649624,REBALANCE
2025-11-21 00:00:00-05:00,SELL,HII,74,304.1487121582031,22507.00469970703,-0.02700898701727756,REBALANCE
2025-11-21 00:00:00-05:00,SELL,BK,211,106.43000030517578,22456.73006439209,-0.03665824519097138,REBALANCE
2025-11-21 00:00:00-05:00,SELL,NEM,266,83.24805450439453,22143.982498168945,-0.04908890136650198,REBALANCE
2025-11-21 00:00:00-05:00,BUY,GOOGL,76,299.464111328125,22759.2724609375,0.0,NEW_POSITION
2025-11-21 00:00:00-05:00,BUY,CVS,294,78.02999877929688,22940.81964111328,0.0,NEW_POSITION
2025-11-21 00:00:00-05:00,BUY,GD,67,340.3399963378906,22802.779754638672,0.0,NEW_POSITION
2025-11-21 00:00:00-05:00,BUY,TRV,79,288.927001953125,22825.233154296875,0.0,NEW_POSITION
2025-11-21 00:00:00-05:00,BUY,MDT,227,101.19999694824219,22972.399307250977,0.0,NEW_POSITION
2025-11-28 00:00:00-05:00,SELL,IVZ,992,24.450000762939453,24254.400756835938,0.03954082853211847,REBALANCE
2025-11-28 00:00:00-05:00,SELL,GOOGL,76,319.970703125,24317.7734375,0.06847762727202318,REBALANCE
2025-11-28 00:00:00-05:00,SELL,CVS,294,80.36000061035156,23625.84017944336,0.0298603340702972,REBALANCE
2025-11-28 00:00:00-05:00,SELL,GD,67,341.6300048828125,22889.210327148438,0.0037903524675399905,REBALANCE
2025-11-28 00:00:00-05:00,SELL,TRV,79,291.70599365234375,23044.773498535156,0.00961831770804727,REBALANCE
2025-11-28 00:00:00-05:00,SELL,MDT,227,105.33000183105469,23909.910415649414,0.04081032615964162,REBALANCE
2025-11-28 00:00:00-05:00,BUY,BK,211,112.0999984741211,23653.09967803955,0.0,NEW_POSITION
2025-11-28 00:00:00-05:00,BUY,HWM,115,204.58999633789062,23527.849578857422,0.0,NEW_POSITION
2025-11-28 00:00:00-05:00,BUY,GLW,281,84.19999694824219,23660.199142456055,0.0,NEW_POSITION
2025-11-28 00:00:00-05:00,BUY,HII,75,313.6199951171875,23521.499633789062,0.0,NEW_POSITION
2025-11-28 00:00:00-05:00,BUY,LRCX,152,155.74359130859375,23673.02587890625,0.0,NEW_POSITION
2025-11-28 00:00:00-05:00,BUY,STX,85,276.69000244140625,23518.65020751953,0.0,NEW_POSITION
2025-12-05 00:00:00-05:00,SELL,COR,64,339.6600036621094,21738.240234375,-0.061557160382966346,REBALANCE
2025-12-05 00:00:00-05:00,SELL,BK,211,114.0199966430664,24058.21929168701,0.017127548573415502,REBALANCE
2025-12-05 00:00:00-05:00,SELL,HWM,115,190.97999572753906,21962.699508666992,-0.0665232946574473,REBALANCE
2025-12-05 00:00:00-05:00,SELL,GLW,281,85.97000122070312,24157.570343017578,0.021021429175929314,REBALANCE
2025-12-05 00:00:00-05:00,SELL,HII,75,304.5799865722656,22843.498992919922,-0.02882471999766462,REBALANCE
2025-12-05 00:00:00-05:00,SELL,LRCX,152,158.6999969482422,24122.399536132812,0.018982518733567346,REBALANCE
2025-12-05 00:00:00-05:00,SELL,STX,85,278.7900085449219,23697.15072631836,0.0075897433408723776,REBALANCE
2025-12-05 00:00:00-05:00,BUY,MDT,229,101.36000061035156,23211.440139770508,0.0,NEW_POSITION
2025-12-05 00:00:00-05:00,BUY,EXE,189,122.86000061035156,23220.540115356445,0.0,NEW_POSITION
2025-12-05 00:00:00-05:00,BUY,HOOD,176,131.9499969482422,23223.199462890625,0.0,NEW_POSITION
2025-12-05 00:00:00-05:00,BUY,T,922,25.280000686645508,23308.16063308716,0.0,NEW_POSITION
2025-12-05 00:00:00-05:00,BUY,WDC,138,168.88999938964844,23306.819915771484,0.0,NEW_POSITION
2025-12-05 00:00:00-05:00,BUY,CVS,308,75.62999725341797,23294.039154052734,0.0,NEW_POSITION
2025-12-05 00:00:00-05:00,BUY,APH,167,139.091796875,23228.330078125,0.0,NEW_POSITION
2025-12-12 00:00:00-05:00,SELL,EXE,189,112.79000091552734,21317.310173034668,-0.08196320726679023,STOP_LOSS
2025-12-12 00:00:00-05:00,SELL,HOOD,176,119.5,21032.0,-0.09435390099422086,STOP_LOSS
2025-12-12 00:00:00-05:00,SELL,MDT,229,99.87000274658203,22870.230628967285,-0.014700057762404578,REBALANCE
2025-12-12 00:00:00-05:00,SELL,T,922,24.579999923706055,22662.759929656982,-0.027689902845186146,REBALANCE
2025-12-12 00:00:00-05:00,SELL,WDC,138,176.33999633789062,24334.919494628906,0.04411153398759981,REBALANCE
2025-12-12 00:00:00-05:00,SELL,CVS,308,79.41999816894531,24461.359436035156,0.0501124031887501,REBALANCE
2025-12-12 00:00:00-05:00,SELL,APH,167,128.99127197265625,21541.542419433594,-0.07261768939127992,REBALANCE
2025-12-12 00:00:00-05:00,BUY,DGX,124,182.55999755859375,22637.439697265625,0.0,NEW_POSITION
2025-12-12 00:00:00-05:00,BUY,GLW,256,88.31999969482422,22609.919921875,0.0,NEW_POSITION
2025-12-12 00:00:00-05:00,BUY,JNJ,107,211.5800018310547,22639.06019592285,0.0,NEW_POSITION
2025-12-12 00:00:00-05:00,BUY,AFL,205,110.05000305175781,22560.25062561035,0.0,NEW_POSITION
2025-12-12 00:00:00-05:00,BUY,COR,65,346.0,22490.0,0.0,NEW_POSITION
2025-12-12 00:00:00-05:00,BUY,WELL,121,186.72999572753906,22594.329483032227,0.0,NEW_POSITION
2025-12-12 00:00:00-05:00,BUY,CSCO,291,77.80000305175781,22639.800888061523,0.0,NEW_POSITION
2025-12-19 00:00:00-05:00,SELL,DGX,124,176.05999755859375,21831.439697265625,-0.03560473316677048,REBALANCE
2025-12-19 00:00:00-05:00,SELL,GLW,256,87.86000061035156,22492.16015625,-0.005208322985304691,REBALANCE
2025-12-19 00:00:00-05:00,SELL,JNJ,107,206.3699951171875,22081.589477539062,-0.024624287119665238,REBALANCE
2025-12-19 00:00:00-05:00,SELL,COR,65,340.92999267578125,22160.44952392578,-0.014653200359013728,REBALANCE
2025-12-19 00:00:00-05:00,SELL,WELL,121,186.00999450683594,22507.20933532715,-0.0038558412530233822,REBALANCE
2025-12-19 00:00:00-05:00,SELL,CSCO,291,78.41999816894531,22820.219467163086,0.007969088597272128,REBALANCE
2025-12-19 00:00:00-05:00,BUY,INCY,218,102.69000244140625,22386.420532226562,0.0,NEW_POSITION
2025-12-19 00:00:00-05:00,BUY,MNST,293,76.26000213623047,22344.180625915527,0.0,NEW_POSITION
2025-12-19 00:00:00-05:00,BUY,L,210,106.58000183105469,22381.800384521484,0.0,NEW_POSITION
2025-12-19 00:00:00-05:00,BUY,CBOE,90,247.27000427246094,22254.300384521484,0.0,NEW_POSITION
2025-12-19 00:00:00-05:00,BUY,CAH,110,202.9499969482422,22324.49966430664,0.0,NEW_POSITION
2025-12-19 00:00:00-05:00,BUY,FOX,352,63.599998474121094,22387.199462890625,0.0,NEW_POSITION
